Where it appears,Kind,Arabic,Transliteration,English,Copied from,File
Seeking refuge,quotation,أَعُوذُ بِاللَّهِ مِنَ الشَّيْطَانِ الرَّجِيمِ,Aʿūdhu bi-llāhi mina-sh-shayṭāni-r-rajīm,"I seek refuge in Allah from Satan, the rejected.",,recitations.ts
The testimony of faith,quotation,لَا إِلَٰهَ إِلَّا اللَّهُ مُحَمَّدٌ رَسُولُ اللَّهِ,"Lā ilāha illa-llāh, Muḥammadun rasūlu-llāh","There is no god but Allah, and Muhammad is the Messenger of Allah.",,recitations.ts
Phrase — As-salāmu ʿalaykum,term,السَّلَامُ عَلَيْكُمْ,As-salāmu ʿalaykum,Peace be upon you.,,phrases.ts
Phrase — Jazāka-llāhu khayran,term,جَزَاكَ اللَّهُ خَيْرًا,Jazāka-llāhu khayran,May Allah reward you with good.,,phrases.ts
Phrase — Bāraka-llāhu fīk,term,بَارَكَ اللَّهُ فِيكَ,Bāraka-llāhu fīk,May Allah bless you.,,phrases.ts
Phrase — Al-ḥamdu li-llāh,term,الْحَمْدُ لِلَّهِ,Al-ḥamdu li-llāh,All praise is for Allah.,,phrases.ts
Phrase — In shāʾa-llāh,term,إِنْ شَاءَ اللَّهُ,In shāʾa-llāh,If Allah wills.,,phrases.ts
Phrase — Mā shāʾa-llāh,term,مَا شَاءَ اللَّهُ,Mā shāʾa-llāh,What Allah has willed.,,phrases.ts
Phrase — Subḥāna-llāh,term,سُبْحَانَ اللَّهِ,Subḥāna-llāh,Glory be to Allah.,,phrases.ts
Phrase — Astaghfiru-llāh,term,أَسْتَغْفِرُ اللَّهَ,Astaghfiru-llāh,I seek Allah’s forgiveness.,,phrases.ts
Phrase — Innā li-llāhi wa innā ilayhi rājiʿūn,term,إِنَّا لِلَّهِ وَإِنَّا إِلَيْهِ رَاجِعُونَ,Innā li-llāhi wa innā ilayhi rājiʿūn,"To Allah we belong, and to Him we return.",,phrases.ts
Phrase — Ṣalla-llāhu ʿalayhi wa sallam,term,صَلَّى اللَّهُ عَلَيْهِ وَسَلَّمَ,Ṣalla-llāhu ʿalayhi wa sallam,May Allah’s prayers and peace be upon him.,,phrases.ts
Phrase — Raḍiya-llāhu ʿanhu,term,رَضِيَ اللَّهُ عَنْهُ,Raḍiya-llāhu ʿanhu,May Allah be pleased with him.,,phrases.ts
Phrase — Akhī · Ukhtī,term,أَخِي · أُخْتِي,Akhī · Ukhtī,My brother · my sister.,,phrases.ts
Phrase — ʿĪd Mubārak,term,عِيد مُبَارَك,ʿĪd Mubārak,A blessed Eid.,,phrases.ts
Phrase — Taqabbala-llāhu minnā wa minkum,term,تَقَبَّلَ اللَّهُ مِنَّا وَمِنْكُمْ,Taqabbala-llāhu minnā wa minkum,May Allah accept it from us and from you.,,phrases.ts
Pillar — The testimony of faith,term,الشَّهَادَة,Ash-shahādah,"Saying, and meaning, that there is no god but Allah and that Muhammad is His Messenger.",,pillars.ts
Pillar — Prayer,term,الصَّلَاة,Aṣ-ṣalāh,"Five prayers a day, at set times, facing the Kaʿbah in Mecca.",,pillars.ts
Pillar — Obligatory charity,term,الزَّكَاة,Az-zakāh,"A yearly share of the wealth you have held onto, given to those entitled to it.",,pillars.ts
Pillar — Fasting in Ramadan,term,الصَّوْم,Aṣ-ṣawm,"No food, drink or intimacy from dawn until sunset, for the month of Ramadan.",,pillars.ts
Pillar — Pilgrimage,term,الْحَجّ,Al-ḥajj,"The pilgrimage to Mecca, once in a lifetime, for those able to make it.",,pillars.ts
Article of faith — Belief in Allah,term,الْإِيمَانُ بِاللَّه,Al-īmān bi-llāh,"That Allah is one, without partner, and that nothing else deserves worship.",,iman.ts
Article of faith — Belief in the angels,term,الْإِيمَانُ بِالْمَلَائِكَة,Al-īmān bi-l-malāʾikah,"That Allah created angels, who carry out what He commands.",,iman.ts
Article of faith — Belief in the revealed books,term,الْإِيمَانُ بِالْكُتُب,Al-īmān bi-l-kutub,"That Allah sent scripture to guide people, and that the Qur’an is the last of it.",,iman.ts
Article of faith — Belief in the messengers,term,الْإِيمَانُ بِالرُّسُل,Al-īmān bi-r-rusul,"That Allah sent prophets to every people, and that Muhammad ﷺ is the last of them.",,iman.ts
Article of faith — Belief in the Last Day,term,الْإِيمَانُ بِالْيَوْمِ الْآخِر,Al-īmān bi-l-yawmi-l-ākhir,"That this life ends, everyone is raised, and each person answers for what they did.",,iman.ts
Article of faith — Belief in divine decree,term,الْإِيمَانُ بِالْقَدَر,Al-īmān bi-l-qadar,That nothing happens outside Allah’s knowledge and will — the good and the hard alike.,,iman.ts
The takbir,quotation,اللَّهُ أَكْبَرُ,Allāhu akbar,Allah is the greatest.,Sahih al-Bukhari 795,recitations.ts
The opening supplication,quotation,سُبْحَانَكَ اللَّهُمَّ وَبِحَمْدِكَ، وَتَبَارَكَ اسْمُكَ، وَتَعَالَى جَدُّكَ، وَلَا إِلَٰهَ غَيْرُكَ,"Subḥānaka-llāhumma wa biḥamdika, wa tabāraka-smuka, wa taʿālā jadduka, wa lā ilāha ghayruk","Glory be to You, O Allah, and praise. Blessed is Your name, exalted is Your majesty, and there is no god but You.",Sunan Abi Dawud 775 (sahih — Al-Albani),recitations.ts
Al-Fatiha — ayah 1,quotation,بِسْمِ اللَّهِ الرَّحْمَٰنِ الرَّحِيمِ,Bismi-llāhi-r-raḥmāni-r-raḥīm,"In the name of Allah, the Most Merciful, the Most Compassionate.",Qur'an 1:1-7,recitations.ts
Al-Fatiha — ayah 2,quotation,الْحَمْدُ لِلَّهِ رَبِّ الْعَالَمِينَ,Al-ḥamdu li-llāhi rabbi-l-ʿālamīn,"All praise is for Allah, Lord of all worlds.",Qur'an 1:1-7,recitations.ts
Al-Fatiha — ayah 3,quotation,الرَّحْمَٰنِ الرَّحِيمِ,Ar-raḥmāni-r-raḥīm,"The Most Merciful, the Most Compassionate.",Qur'an 1:1-7,recitations.ts
Al-Fatiha — ayah 4,quotation,مَالِكِ يَوْمِ الدِّينِ,Māliki yawmi-d-dīn,Master of the Day of Judgement.,Qur'an 1:1-7,recitations.ts
Al-Fatiha — ayah 5,quotation,إِيَّاكَ نَعْبُدُ وَإِيَّاكَ نَسْتَعِينُ,Iyyāka naʿbudu wa iyyāka nastaʿīn,"You alone we worship, and You alone we ask for help.",Qur'an 1:1-7,recitations.ts
Al-Fatiha — ayah 6,quotation,اهْدِنَا الصِّرَاطَ الْمُسْتَقِيمَ,Ihdina-ṣ-ṣirāṭa-l-mustaqīm,Guide us along the straight path.,Qur'an 1:1-7,recitations.ts
Al-Fatiha — ayah 7,quotation,صِرَاطَ الَّذِينَ أَنْعَمْتَ عَلَيْهِمْ غَيْرِ الْمَغْضُوبِ عَلَيْهِمْ وَلَا الضَّالِّينَ,Ṣirāṭa-lladhīna anʿamta ʿalayhim ghayri-l-maghḍūbi ʿalayhim wa la-ḍ-ḍāllīn,"The path of those You have blessed — not of those who have earned Your anger, nor of those who have gone astray.",Qur'an 1:1-7,recitations.ts
In rukuʿ,quotation,سُبْحَانَ رَبِّيَ الْعَظِيمِ,Subḥāna rabbiya-l-ʿaẓīm,"Glory be to my Lord, the Most Great.",Sahih Muslim 772,recitations.ts
Rising from rukuʿ,quotation,سَمِعَ اللَّهُ لِمَنْ حَمِدَهُ، رَبَّنَا وَلَكَ الْحَمْدُ,Samiʿa-llāhu liman ḥamidah — Rabbanā wa laka-l-ḥamd,"Allah hears the one who praises Him. Our Lord, to You belongs all praise.",Sahih al-Bukhari 795,recitations.ts
In sujud,quotation,سُبْحَانَ رَبِّيَ الْأَعْلَى,Subḥāna rabbiya-l-aʿlā,"Glory be to my Lord, the Most High.",Sahih Muslim 772,recitations.ts
Between the prostrations,quotation,رَبِّ اغْفِرْ لِي,Rabbi-ghfir lī,"My Lord, forgive me.",Sunan Abi Dawud 874 (sahih — Al-Albani),recitations.ts
The tashahhud,quotation,التَّحِيَّاتُ لِلَّهِ وَالصَّلَوَاتُ وَالطَّيِّبَاتُ، السَّلَامُ عَلَيْكَ أَيُّهَا النَّبِيُّ وَرَحْمَةُ اللَّهِ وَبَرَكَاتُهُ، السَّلَامُ عَلَيْنَا وَعَلَى عِبَادِ اللَّهِ الصَّالِحِينَ، أَشْهَدُ أَنْ لَا إِلَٰهَ إِلَّا اللَّهُ وَأَشْهَدُ أَنَّ مُحَمَّدًا عَبْدُهُ وَرَسُولُهُ,"At-taḥiyyātu li-llāhi wa-ṣ-ṣalawātu wa-ṭ-ṭayyibāt. As-salāmu ʿalayka ayyuha-n-nabiyyu wa raḥmatu-llāhi wa barakātuh. As-salāmu ʿalaynā wa ʿalā ʿibādi-llāhi-ṣ-ṣāliḥīn. Ash-hadu an lā ilāha illa-llāh, wa ash-hadu anna Muḥammadan ʿabduhu wa rasūluh.","All greetings, prayers and good things are for Allah. Peace be upon you, O Prophet, and the mercy of Allah and His blessings. Peace be upon us and upon the righteous servants of Allah. I bear witness that there is no god but Allah, and I bear witness that Muhammad is His servant and His messenger.",Sahih al-Bukhari 831,recitations.ts
The salawat,quotation,اللَّهُمَّ صَلِّ عَلَى مُحَمَّدٍ وَعَلَى آلِ مُحَمَّدٍ، كَمَا صَلَّيْتَ عَلَى إِبْرَاهِيمَ وَعَلَى آلِ إِبْرَاهِيمَ، إِنَّكَ حَمِيدٌ مَجِيدٌ. اللَّهُمَّ بَارِكْ عَلَى مُحَمَّدٍ وَعَلَى آلِ مُحَمَّدٍ، كَمَا بَارَكْتَ عَلَى إِبْرَاهِيمَ وَعَلَى آلِ إِبْرَاهِيمَ، إِنَّكَ حَمِيدٌ مَجِيدٌ,"Allāhumma ṣalli ʿalā Muḥammadin wa ʿalā āli Muḥammad, kamā ṣallayta ʿalā Ibrāhīma wa ʿalā āli Ibrāhīm, innaka ḥamīdun majīd. Allāhumma bārik ʿalā Muḥammadin wa ʿalā āli Muḥammad, kamā bārakta ʿalā Ibrāhīma wa ʿalā āli Ibrāhīm, innaka ḥamīdun majīd.","O Allah, send prayers upon Muhammad and the family of Muhammad, as You sent prayers upon Abraham and the family of Abraham. You are indeed Praiseworthy, Glorious. O Allah, bless Muhammad and the family of Muhammad, as You blessed Abraham and the family of Abraham. You are indeed Praiseworthy, Glorious.",Sahih al-Bukhari 3370,recitations.ts
The taslim,quotation,السَّلَامُ عَلَيْكُمْ وَرَحْمَةُ اللَّهِ,As-salāmu ʿalaykum wa raḥmatu-llāh,"Peace be upon you, and the mercy of Allah.",Sunan Abi Dawud 996 (sahih — Al-Albani),recitations.ts
After wudu,quotation,أَشْهَدُ أَنْ لَا إِلَٰهَ إِلَّا اللَّهُ وَحْدَهُ لَا شَرِيكَ لَهُ، وَأَشْهَدُ أَنَّ مُحَمَّدًا عَبْدُهُ وَرَسُولُهُ,"Ash-hadu an lā ilāha illa-llāhu waḥdahu lā sharīka lah, wa ash-hadu anna Muḥammadan ʿabduhu wa rasūluh","I bear witness that there is no god but Allah alone, with no partner, and I bear witness that Muhammad is His servant and His messenger.",Sahih Muslim 234b,recitations.ts
Before eating,quotation,بِسْمِ اللَّهِ,Bismi-llāh,In the name of Allah.,Sunan Abi Dawud 101 (sahih — Al-Albani),recitations.ts
Going to sleep,quotation,بِاسْمِكَ اللَّهُمَّ أَمُوتُ وَأَحْيَا,Bismika-llāhumma amūtu wa aḥyā,"In Your name, O Allah, I die and I live.",Sahih al-Bukhari 6324,recitations.ts
When you wake up,quotation,الْحَمْدُ لِلَّهِ الَّذِي أَحْيَانَا بَعْدَ مَا أَمَاتَنَا وَإِلَيْهِ النُّشُورُ,Al-ḥamdu li-llāhi-lladhī aḥyānā baʿda mā amātanā wa ilayhi-n-nushūr,"All praise is for Allah, who gave us life after taking it, and to Him is the return.",Sahih al-Bukhari 6324,recitations.ts
Leaving the house,quotation,بِسْمِ اللَّهِ تَوَكَّلْتُ عَلَى اللَّهِ لَا حَوْلَ وَلَا قُوَّةَ إِلَّا بِاللَّهِ,"Bismi-llāh, tawakkaltu ʿala-llāh, lā ḥawla wa lā quwwata illā bi-llāh",In the name of Allah. I place my trust in Allah. There is no power and no strength except with Allah.,Sunan Abi Dawud 5095 (sahih — Al-Albani),recitations.ts
Going into the bathroom,quotation,اللَّهُمَّ إِنِّي أَعُوذُ بِكَ مِنَ الْخُبُثِ وَالْخَبَائِثِ,Allāhumma innī aʿūdhu bika mina-l-khubuthi wa-l-khabāʾith,"O Allah, I seek refuge with You from all that is foul and from all evil.",Sahih al-Bukhari 142,recitations.ts
Coming out of the bathroom,quotation,غُفْرَانَكَ,Ghufrānak,I ask Your forgiveness.,Sunan Abi Dawud 30 (sahih — Al-Albani),recitations.ts
After eating,quotation,الْحَمْدُ لِلَّهِ الَّذِي أَطْعَمَنَا وَسَقَانَا وَجَعَلَنَا مُسْلِمِينَ,Al-ḥamdu li-llāhi-lladhī aṭʿamanā wa saqānā wa jaʿalanā muslimīn,"All praise is for Allah, who fed us and gave us drink, and made us Muslims.",Sunan Abi Dawud 3850 (daif — Al-Albani); Jami` at-Tirmidhi 3457 (daif — Darussalam); Sunan Ibn Majah 3283 (daif — Darussalam),recitations.ts
After eating,quotation,الْحَمْدُ لِلَّهِ الَّذِي أَطْعَمَنِي هَٰذَا وَرَزَقَنِيهِ مِنْ غَيْرِ حَوْلٍ مِنِّي وَلَا قُوَّةٍ,Al-ḥamdu li-llāhi-lladhī aṭʿamanī hādhā wa razaqanīhi min ghayri ḥawlin minnī wa lā quwwah,"All praise is for Allah, who fed me this and provided it for me, with no strength or power of my own.",Jami` at-Tirmidhi 3458 (hasan — Darussalam); Sunan Ibn Majah 3285 (hasan — Darussalam),recitations.ts
Setting off on a journey,quotation,سُبْحَانَ الَّذِي سَخَّرَ لَنَا هَٰذَا وَمَا كُنَّا لَهُ مُقْرِنِينَ وَإِنَّا إِلَى رَبِّنَا لَمُنْقَلِبُونَ اللَّهُمَّ إِنَّا نَسْأَلُكَ فِي سَفَرِنَا هَٰذَا الْبِرَّ وَالتَّقْوَى وَمِنَ الْعَمَلِ مَا تَرْضَى اللَّهُمَّ هَوِّنْ عَلَيْنَا سَفَرَنَا هَٰذَا وَاطْوِ عَنَّا بُعْدَهُ اللَّهُمَّ أَنْتَ الصَّاحِبُ فِي السَّفَرِ وَالْخَلِيفَةُ فِي الْأَهْلِ اللَّهُمَّ إِنِّي أَعُوذُ بِكَ مِنْ وَعْثَاءِ السَّفَرِ وَكَآبَةِ الْمَنْظَرِ وَسُوءِ الْمُنْقَلَبِ فِي الْمَالِ وَالْأَهْلِ,"Subḥāna-lladhī sakhkhara lanā hādhā wa mā kunnā lahu muqrinīn, wa innā ilā rabbinā la-munqalibūn. Allāhumma innā nasʾaluka fī safarinā hādha-l-birra wa-t-taqwā, wa mina-l-ʿamali mā tarḍā. Allāhumma hawwin ʿalaynā safaranā hādhā wa-ṭwi ʿannā buʿdah. Allāhumma anta-ṣ-ṣāḥibu fi-s-safar, wa-l-khalīfatu fi-l-ahl. Allāhumma innī aʿūdhu bika min waʿthāʾi-s-safar, wa kaʾābati-l-manẓar, wa sūʾi-l-munqalabi fi-l-māl wa-l-ahl","Glory to Him who has made this subject to us, when we could never have managed it ourselves, and to our Lord we are returning. O Allah, we ask You on this journey of ours for righteousness and piety, and for deeds that please You. O Allah, make this journey easy for us and fold up its distance. O Allah, You are the companion on the journey and the guardian of the family. O Allah, I seek refuge with You from the hardship of travel, from a sight that grieves, and from an ill turn in property and family.",Sahih Muslim 1342,recitations.ts
The istikhara duʿa,quotation,اللَّهُمَّ إِنِّي أَسْتَخِيرُكَ بِعِلْمِكَ وَأَسْتَقْدِرُكَ بِقُدْرَتِكَ، وَأَسْأَلُكَ مِنْ فَضْلِكَ الْعَظِيمِ، فَإِنَّكَ تَقْدِرُ وَلَا أَقْدِرُ، وَتَعْلَمُ وَلَا أَعْلَمُ، وَأَنْتَ عَلَّامُ الْغُيُوبِ، اللَّهُمَّ إِنْ كُنْتَ تَعْلَمُ أَنَّ هَذَا الْأَمْرَ خَيْرٌ لِي فِي دِينِي، وَمَعَاشِي، وَعَاقِبَةِ أَمْرِي، فَاقْدُرْهُ لِي وَيَسِّرْهُ لِي ثُمَّ بَارِكْ لِي فِيهِ، وَإِنْ كُنْتَ تَعْلَمُ أَنَّ هَذَا الْأَمْرَ شَرٌّ لِي فِي دِينِي وَمَعَاشِي وَعَاقِبَةِ أَمْرِي، فَاصْرِفْهُ عَنِّي وَاصْرِفْنِي عَنْهُ، وَاقْدُرْ لِي الْخَيْرَ حَيْثُ كَانَ، ثُمَّ أَرْضِنِي,"Allāhumma inni astakhīruka bi‘ilmika, wa astaqdiruka biqudratika, wa as’aluka min fadlik al-‘azhīm, fa ’innaka taqdiru wa la aqdiru, wa ta‘lamu wa la a‘lamu, wa anta ‘allāmu al-ghuyūb. Allāhumma in kunta ta‘lamu anna hādha al-’amra khayrun li fi dīni wa ma‘āshi wa ‘āqibati amri, faqdurhu li wa yassirhu li, thumma bārik li fīh. Wa in kunta ta‘lamu anna hādha al-’amra sharrun li fi dīni wa ma‘āshi wa ‘āqibati amri, fasrifhu ‘anni, wasrifni ‘anhu, waqdur li al-khayra haythu kāna, thumma ardini.","O Allah, I consult You for Your knowledge, and I seek strength from You for Your power, and I ask You of Your great bounty. Indeed, You are capable and I am not, and You know and I do not, and You are the All-Knower of the unseen. O Allah, if You know that this matter is good for me in my religion, my livelihood, and the outcome of my affairs, then decree it for me, make it easy for me, and then bless it for me. And if You know this matter is evil concerning my religion, my livelihood or the outcome of my affairs, then turn it away from me, and turn me away from it, and decree for me what is good wherever it may be, and make me content",Sahih al-Bukhari (sahih),recitations.ts
