File,Audio ID,Recitation,Part,Used in,Status,Source,Licence,Arabic,Transliteration,Translation
takbir.mp3,takbir,The takbir,,Prayer — Opening takbir; Prayer — Stand for the … rakʿah,Not recorded,To be commissioned,—,اللَّهُ أَكْبَرُ,Allāhu akbar,Allah is the greatest.
opening.mp3,opening,The opening supplication,,"Prayer — Fold your hands, and open",Not recorded,To be commissioned,—,سُبْحَانَكَ اللَّهُمَّ وَبِحَمْدِكَ، وَتَبَارَكَ اسْمُكَ، وَتَعَالَى جَدُّكَ، وَلَا إِلَٰهَ غَيْرُكَ,"Subḥānaka-llāhumma wa biḥamdika, wa tabāraka-smuka, wa taʿālā jadduka, wa lā ilāha ghayruk","Glory be to You, O Allah, and praise. Blessed is Your name, exalted is Your majesty, and there is no god but You."
taawwudh.mp3,taawwudh,Seeking refuge,,Prayer — Seek refuge,Not recorded,To be commissioned,—,أَعُوذُ بِاللَّهِ مِنَ الشَّيْطَانِ الرَّجِيمِ,Aʿūdhu bi-llāhi mina-sh-shayṭāni-r-rajīm,"I seek refuge in Allah from Satan, the rejected."
fatiha-1.mp3,fatiha-1,Al-Fatiha,Ayah 1,Prayer — Recite Al-Fatiha,Ready,Mahmoud Khalil Al-Husary — muʿallim (teaching) recitation,—,بِسْمِ اللَّهِ الرَّحْمَٰنِ الرَّحِيمِ,Bismi-llāhi-r-raḥmāni-r-raḥīm,"In the name of Allah, the Most Merciful, the Most Compassionate."
fatiha-2.mp3,fatiha-2,Al-Fatiha,Ayah 2,Prayer — Recite Al-Fatiha,Ready,Mahmoud Khalil Al-Husary — muʿallim (teaching) recitation,—,الْحَمْدُ لِلَّهِ رَبِّ الْعَالَمِينَ,Al-ḥamdu li-llāhi rabbi-l-ʿālamīn,"All praise is for Allah, Lord of all worlds."
fatiha-3.mp3,fatiha-3,Al-Fatiha,Ayah 3,Prayer — Recite Al-Fatiha,Ready,Mahmoud Khalil Al-Husary — muʿallim (teaching) recitation,—,الرَّحْمَٰنِ الرَّحِيمِ,Ar-raḥmāni-r-raḥīm,"The Most Merciful, the Most Compassionate."
fatiha-4.mp3,fatiha-4,Al-Fatiha,Ayah 4,Prayer — Recite Al-Fatiha,Ready,Mahmoud Khalil Al-Husary — muʿallim (teaching) recitation,—,مَالِكِ يَوْمِ الدِّينِ,Māliki yawmi-d-dīn,Master of the Day of Judgement.
fatiha-5.mp3,fatiha-5,Al-Fatiha,Ayah 5,Prayer — Recite Al-Fatiha,Ready,Mahmoud Khalil Al-Husary — muʿallim (teaching) recitation,—,إِيَّاكَ نَعْبُدُ وَإِيَّاكَ نَسْتَعِينُ,Iyyāka naʿbudu wa iyyāka nastaʿīn,"You alone we worship, and You alone we ask for help."
fatiha-6.mp3,fatiha-6,Al-Fatiha,Ayah 6,Prayer — Recite Al-Fatiha,Ready,Mahmoud Khalil Al-Husary — muʿallim (teaching) recitation,—,اهْدِنَا الصِّرَاطَ الْمُسْتَقِيمَ,Ihdina-ṣ-ṣirāṭa-l-mustaqīm,Guide us along the straight path.
fatiha-7.mp3,fatiha-7,Al-Fatiha,Ayah 7,Prayer — Recite Al-Fatiha,Ready,Mahmoud Khalil Al-Husary — muʿallim (teaching) recitation,—,صِرَاطَ الَّذِينَ أَنْعَمْتَ عَلَيْهِمْ غَيْرِ الْمَغْضُوبِ عَلَيْهِمْ وَلَا الضَّالِّينَ,Ṣirāṭa-lladhīna anʿamta ʿalayhim ghayri-l-maghḍūbi ʿalayhim wa la-ḍ-ḍāllīn,"The path of those You have blessed — not of those who have earned Your anger, nor of those who have gone astray."
ruku-tasbih.mp3,ruku-tasbih,In rukuʿ,,Prayer — Bow,Not recorded,To be commissioned,—,سُبْحَانَ رَبِّيَ الْعَظِيمِ,Subḥāna rabbiya-l-ʿaẓīm,"Glory be to my Lord, the Most Great."
rising.mp3,rising,Rising from rukuʿ,,Prayer — Stand up straight,Not recorded,To be commissioned,—,سَمِعَ اللَّهُ لِمَنْ حَمِدَهُ، رَبَّنَا وَلَكَ الْحَمْدُ,Samiʿa-llāhu liman ḥamidah — Rabbanā wa laka-l-ḥamd,"Allah hears the one who praises Him. Our Lord, to You belongs all praise."
sujud-tasbih.mp3,sujud-tasbih,In sujud,,Prayer — Prostrate; Prayer — Prostrate again,Not recorded,To be commissioned,—,سُبْحَانَ رَبِّيَ الْأَعْلَى,Subḥāna rabbiya-l-aʿlā,"Glory be to my Lord, the Most High."
between-prostrations.mp3,between-prostrations,Between the prostrations,,Prayer — Sit up,Not recorded,To be commissioned,—,رَبِّ اغْفِرْ لِي,Rabbi-ghfir lī,"My Lord, forgive me."
tashahhud.mp3,tashahhud,The tashahhud,,Prayer — Prostrate again,Not recorded,To be commissioned,—,التَّحِيَّاتُ لِلَّهِ وَالصَّلَوَاتُ وَالطَّيِّبَاتُ، السَّلَامُ عَلَيْكَ أَيُّهَا النَّبِيُّ وَرَحْمَةُ اللَّهِ وَبَرَكَاتُهُ، السَّلَامُ عَلَيْنَا وَعَلَى عِبَادِ اللَّهِ الصَّالِحِينَ، أَشْهَدُ أَنْ لَا إِلَٰهَ إِلَّا اللَّهُ وَأَشْهَدُ أَنَّ مُحَمَّدًا عَبْدُهُ وَرَسُولُهُ,"At-taḥiyyātu li-llāhi wa-ṣ-ṣalawātu wa-ṭ-ṭayyibāt. As-salāmu ʿalayka ayyuha-n-nabiyyu wa raḥmatu-llāhi wa barakātuh. As-salāmu ʿalaynā wa ʿalā ʿibādi-llāhi-ṣ-ṣāliḥīn. Ash-hadu an lā ilāha illa-llāh, wa ash-hadu anna Muḥammadan ʿabduhu wa rasūluh.","All greetings, prayers and good things are for Allah. Peace be upon you, O Prophet, and the mercy of Allah and His blessings. Peace be upon us and upon the righteous servants of Allah. I bear witness that there is no god but Allah, and I bear witness that Muhammad is His servant and His messenger."
salawat.mp3,salawat,The salawat,,Prayer — Send prayers on the Prophet,Not recorded,To be commissioned,—,اللَّهُمَّ صَلِّ عَلَى مُحَمَّدٍ وَعَلَى آلِ مُحَمَّدٍ، كَمَا صَلَّيْتَ عَلَى إِبْرَاهِيمَ وَعَلَى آلِ إِبْرَاهِيمَ، إِنَّكَ حَمِيدٌ مَجِيدٌ. اللَّهُمَّ بَارِكْ عَلَى مُحَمَّدٍ وَعَلَى آلِ مُحَمَّدٍ، كَمَا بَارَكْتَ عَلَى إِبْرَاهِيمَ وَعَلَى آلِ إِبْرَاهِيمَ، إِنَّكَ حَمِيدٌ مَجِيدٌ,"Allāhumma ṣalli ʿalā Muḥammadin wa ʿalā āli Muḥammad, kamā ṣallayta ʿalā Ibrāhīma wa ʿalā āli Ibrāhīm, innaka ḥamīdun majīd. Allāhumma bārik ʿalā Muḥammadin wa ʿalā āli Muḥammad, kamā bārakta ʿalā Ibrāhīma wa ʿalā āli Ibrāhīm, innaka ḥamīdun majīd.","O Allah, send prayers upon Muhammad and the family of Muhammad, as You sent prayers upon Abraham and the family of Abraham. You are indeed Praiseworthy, Glorious. O Allah, bless Muhammad and the family of Muhammad, as You blessed Abraham and the family of Abraham. You are indeed Praiseworthy, Glorious."
taslim.mp3,taslim,The taslim,,Prayer — Turn to your right; Prayer — Turn to your left,Not recorded,To be commissioned,—,السَّلَامُ عَلَيْكُمْ وَرَحْمَةُ اللَّهِ,As-salāmu ʿalaykum wa raḥmatu-llāh,"Peace be upon you, and the mercy of Allah."
shahada.mp3,shahada,The testimony of faith,,Not used in a guide,Not recorded,To be commissioned,—,لَا إِلَٰهَ إِلَّا اللَّهُ مُحَمَّدٌ رَسُولُ اللَّهِ,"Lā ilāha illa-llāh, Muḥammadun rasūlu-llāh","There is no god but Allah, and Muhammad is the Messenger of Allah."
shahada-after-wudu.mp3,shahada-after-wudu,After wudu,,Wudu — Finish,Not recorded,To be commissioned,—,أَشْهَدُ أَنْ لَا إِلَٰهَ إِلَّا اللَّهُ وَحْدَهُ لَا شَرِيكَ لَهُ، وَأَشْهَدُ أَنَّ مُحَمَّدًا عَبْدُهُ وَرَسُولُهُ,"Ash-hadu an lā ilāha illa-llāhu waḥdahu lā sharīka lah, wa ash-hadu anna Muḥammadan ʿabduhu wa rasūluh","I bear witness that there is no god but Allah alone, with no partner, and I bear witness that Muhammad is His servant and His messenger."
bismillah.mp3,bismillah,Before wudu,,Wudu — Intend,Not recorded,To be commissioned,—,بِسْمِ اللَّهِ,Bismi-llāh,In the name of Allah.
dua-sleep.mp3,dua-sleep,Going to sleep,,Not used in a guide,Not recorded,To be commissioned,—,بِاسْمِكَ اللَّهُمَّ أَمُوتُ وَأَحْيَا,Bismika-llāhumma amūtu wa aḥyā,"In Your name, O Allah, I die and I live."
dua-wake.mp3,dua-wake,Waking up,,Not used in a guide,Not recorded,To be commissioned,—,الْحَمْدُ لِلَّهِ الَّذِي أَحْيَانَا بَعْدَ مَا أَمَاتَنَا وَإِلَيْهِ النُّشُورُ,Al-ḥamdu li-llāhi-lladhī aḥyānā baʿda mā amātanā wa ilayhi-n-nushūr,"All praise is for Allah, who gave us life after taking it, and to Him is the return."
dua-leave-home.mp3,dua-leave-home,Leaving the house,,Not used in a guide,Not recorded,To be commissioned,—,بِسْمِ اللَّهِ تَوَكَّلْتُ عَلَى اللَّهِ لَا حَوْلَ وَلَا قُوَّةَ إِلَّا بِاللَّهِ,"Bismi-llāh, tawakkaltu ʿala-llāh, lā ḥawla wa lā quwwata illā bi-llāh",In the name of Allah. I place my trust in Allah. There is no power and no strength except with Allah.
dua-enter-toilet.mp3,dua-enter-toilet,Going into the bathroom,,Not used in a guide,Not recorded,To be commissioned,—,اللَّهُمَّ إِنِّي أَعُوذُ بِكَ مِنَ الْخُبُثِ وَالْخَبَائِثِ,Allāhumma innī aʿūdhu bika mina-l-khubuthi wa-l-khabāʾith,"O Allah, I seek refuge with You from all that is foul and from all evil."
dua-leave-toilet.mp3,dua-leave-toilet,Coming out of the bathroom,,Not used in a guide,Not recorded,To be commissioned,—,غُفْرَانَكَ,Ghufrānak,I ask Your forgiveness.
dua-after-eating.mp3,dua-after-eating,After eating,,Not used in a guide,Not recorded,To be commissioned,—,الْحَمْدُ لِلَّهِ الَّذِي أَطْعَمَنَا وَسَقَانَا وَجَعَلَنَا مُسْلِمِينَ,Al-ḥamdu li-llāhi-lladhī aṭʿamanā wa saqānā wa jaʿalanā muslimīn,"All praise is for Allah, who fed us and gave us drink, and made us Muslims."
dua-travel.mp3,dua-travel,Setting off on a journey,,Not used in a guide,Not recorded,To be commissioned,—,سُبْحَانَ الَّذِي سَخَّرَ لَنَا هَٰذَا وَمَا كُنَّا لَهُ مُقْرِنِينَ وَإِنَّا إِلَى رَبِّنَا لَمُنْقَلِبُونَ اللَّهُمَّ إِنَّا نَسْأَلُكَ فِي سَفَرِنَا هَٰذَا الْبِرَّ وَالتَّقْوَى وَمِنَ الْعَمَلِ مَا تَرْضَى اللَّهُمَّ هَوِّنْ عَلَيْنَا سَفَرَنَا هَٰذَا وَاطْوِ عَنَّا بُعْدَهُ اللَّهُمَّ أَنْتَ الصَّاحِبُ فِي السَّفَرِ وَالْخَلِيفَةُ فِي الْأَهْلِ اللَّهُمَّ إِنِّي أَعُوذُ بِكَ مِنْ وَعْثَاءِ السَّفَرِ وَكَآبَةِ الْمَنْظَرِ وَسُوءِ الْمُنْقَلَبِ فِي الْمَالِ وَالْأَهْلِ,"Subḥāna-lladhī sakhkhara lanā hādhā wa mā kunnā lahu muqrinīn, wa innā ilā rabbinā la-munqalibūn. Allāhumma innā nasʾaluka fī safarinā hādha-l-birra wa-t-taqwā, wa mina-l-ʿamali mā tarḍā. Allāhumma hawwin ʿalaynā safaranā hādhā wa-ṭwi ʿannā buʿdah. Allāhumma anta-ṣ-ṣāḥibu fi-s-safar, wa-l-khalīfatu fi-l-ahl. Allāhumma innī aʿūdhu bika min waʿthāʾi-s-safar, wa kaʾābati-l-manẓar, wa sūʾi-l-munqalabi fi-l-māl wa-l-ahl","Glory to Him who has made this subject to us, when we could never have managed it ourselves, and to our Lord we are returning. O Allah, we ask You on this journey of ours for righteousness and piety, and for deeds that please You. O Allah, make this journey easy for us and fold up its distance. O Allah, You are the companion on the journey and the guardian of the family. O Allah, I seek refuge with You from the hardship of travel, from a sight that grieves, and from an ill turn in property and family."
